id,q_id,method,retrieve_text,score,source
1,1,fixed,"從太空到地表的連線：衛星傳輸後的影像處理中心解碼、校正
走進國家太空中心的影像處理中心，隔著玻璃窗，我們看見機房裡頭擺放著20多櫃資料處理系統，其中包含3部超級電腦，這些電腦的用途是針對衛星進行任務排程、資料管理、接收，以及成像處理與品質驗證。接下來當「齊柏林衛星」完成拍攝、將資料傳回地面接收站後，影像處理中心人員就會將這些訊號數據解碼、校正與重組，拼貼成一幀幀能夠講述地表故事的照片",0.52880859375,data_02
2,1,sliding,"。

從太空到地表的連線：衛星傳輸後的影像處理中心解碼、校正
走進國家太空中心的影像處理中心，隔著玻璃窗，我們看見機房裡頭擺放著20多櫃資料處理系統，其中包含3部超級電腦，這些電腦的用途是針對衛星進行任務排程、資料管理、接收，以及成像處理與品質驗證。接下來當「齊柏林衛星」完成拍攝、將資料傳回地面接收站後，影像處理中心人員就會將這些訊號數據解碼、校正與重組，拼貼成一幀幀能夠講述地表故事的照片",0.52978515625,data_02
3,1,semantic,"台灣的太空之眼：「福衛八號」進擊之路

回到地面，我們看到的這些衛星影像，來自國家太空中心一座不眠不休的機房，他們把衛星回傳的一包包數據，解碼、校正、重組成可以被讀懂的地表語言，比如崩塌的山坡、被海水淹沒的村落、油汙蔓延的海岸線。

如今，這套技術不僅讓台灣能夠監測自己的土地，也能讓我們在世界各地發生災害的第一時間，即時提供關鍵資訊，衛星影像正在成為台灣參與國際的新語言。

從太空到地表的連線：衛星傳輸後的影像處理中心解碼、校正
走進國家太空中心的影像處理中心，隔著玻璃窗，我們看見機房裡頭擺放著20多櫃資料處理系統，其中包含3部超級電腦，這些電腦的用途是針對衛星進行任務排程、資料管理、接收，以及成像處理與品質驗證。接下來當「齊柏林衛星」完成拍攝、將資料傳回地面接收站後，影像處理中心人員就會將這些訊號數據解碼、校正與重組，拼貼成一幀幀能夠講述地表故事的照片。

校正流程分為「輻射校正」與「幾何校正」，前者是為了修正大氣或儀器本身帶來的系統性偏差，讓每個像素都能夠反映真實的光強度；後者則是搭配地理影像控制與數值地形模型，校準每一張影像的地理坐標，使其能與地圖、地形精準重疊。當山脈的輪廓開始對齊、河流與建築的位置對焦回現實，影像才能用於防災、救災或是地理研究等實際應用情境。

影像處理中心衛星資料處理組組長張莉雪表示，目前與太空中心合作的客戶有超過9成來自政府部門，「福衛五號」所拍攝的影像多數用於國土監測，包含崩塌地或是農業用地的土地利用監測等。當像是馬太鞍溪堰塞湖潰壩這樣的緊急災害事件發生時，衛星影像也可以比對出地表變化。",0.63232421875,data_02
4,2,fixed,2026年，台灣的全民健保進入「兆元時代」，儘管要追趕超高齡人口的速度、高科技和新藥價格的飆漲，仍然吃力，但這個規模已近台灣中央總預算的三分之一，台灣健保投資已追上國民所得相近的國家。我們專訪新任衛福部長石崇良，他開出的首波改革與重整之道，正是對準醫療人力盤點與直美設限，企圖把全民負擔的健保集中火力投在最需要的醫療缺口上，新官上任後的政策支票是否合理，各界可以擴大討論，並且從現在開始，監督可行政策兌現的速度,0.685546875,data_03
5,2,sliding,"。
2026年，台灣的全民健保進入「兆元時代」，儘管要追趕超高齡人口的速度、高科技和新藥價格的飆漲，仍然吃力，但這個規模已近台灣中央總預算的三分之一，台灣健保投資已追上國民所得相近的國家。我們專訪新任衛福部長石崇良，他開出的首波改革與重整之道，正是對準醫療人力盤點與直美設限，企圖把全民負擔的健保集中火力投在最需要的醫療缺口上，新官上任後的政策支票是否合理，各界可以擴大討論，並且從現在開始，監督可行政策兌現的速度。",0.67919921875,data_03
6,2,semantic,"台灣的太空之眼：「福衛八號」進擊之路

回到地面，我們看到的這些衛星影像，來自國家太空中心一座不眠不休的機房，他們把衛星回傳的一包包數據，解碼、校正、重組成可以被讀懂的地表語言，比如崩塌的山坡、被海水淹沒的村落、油汙蔓延的海岸線。

如今，這套技術不僅讓台灣能夠監測自己的土地，也能讓我們在世界各地發生災害的第一時間，即時提供關鍵資訊，衛星影像正在成為台灣參與國際的新語言。

從太空到地表的連線：衛星傳輸後的影像處理中心解碼、校正
走進國家太空中心的影像處理中心，隔著玻璃窗，我們看見機房裡頭擺放著20多櫃資料處理系統，其中包含3部超級電腦，這些電腦的用途是針對衛星進行任務排程、資料管理、接收，以及成像處理與品質驗證。接下來當「齊柏林衛星」完成拍攝、將資料傳回地面接收站後，影像處理中心人員就會將這些訊號數據解碼、校正與重組，拼貼成一幀幀能夠講述地表故事的照片。

校正流程分為「輻射校正」與「幾何校正」，前者是為了修正大氣或儀器本身帶來的系統性偏差，讓每個像素都能夠反映真實的光強度；後者則是搭配地理影像控制與數值地形模型，校準每一張影像的地理坐標，使其能與地圖、地形精準重疊。當山脈的輪廓開始對齊、河流與建築的位置對焦回現實，影像才能用於防災、救災或是地理研究等實際應用情境。

影像處理中心衛星資料處理組組長張莉雪表示，目前與太空中心合作的客戶有超過9成來自政府部門，「福衛五號」所拍攝的影像多數用於國土監測，包含崩塌地或是農業用地的土地利用監測等。當像是馬太鞍溪堰塞湖潰壩這樣的緊急災害事件發生時，衛星影像也可以比對出地表變化。",0.331298828125,data_02
7,3,fixed,"《報導者》整理了5個問答，試圖說明這場伊朗抗爭，對中東局勢、乃至2026年的全球局勢可能帶來的影響：伊朗人民為何冒著生命危險憤怒上街？面對宿敵的政治動盪，美國、以色列與中東其他國家各有什麼盤算與反應？而在起義與鎮壓對撞的血腥衝突中，伊朗又是否真已跨在政權更迭、甚至是王朝復辟的門檻上？

Q1：伊朗發生了什麼事，為什麼人民寧可冒著生命危險也要上街抗議？
A：在示威浪潮席捲全國之前，伊朗正面臨著數十年來最嚴重的經濟危機，除了官方貨幣里亞爾（Rial）急遽貶值至歷史最低點，伊朗2025年國內通膨率更超過40%，糧食與日用品等民生物價在短短半年內上漲逾60%，其中牛奶、雞蛋與麵包等基本食物的價格，更是飆漲了1倍以上",0.6494140625,data_01
8,3,sliding,"。極為沉重的蕭條壓力，這才逼使走投無路的伊朗人民湧上街頭。
一開始，示威行動只是零星出現，但隨著通膨問題的快速惡化，以都市商人為主的市場商販公會，也從2025年12月開始加入罷工罷市的抗爭行列──此舉，大幅升級並凝聚了伊朗國內對於政府施政不力的憤怒情緒，示威行動亦從首都德黑蘭，迅速蔓延至全國各級城市。

事實上，撼動伊朗政局的這波經濟危機，背後主要有三大原因：

國際社會重新收緊的經濟制裁與石油禁運；
2025年6月以色列與美國對伊朗發動的跨境空襲；
極端氣候引發的空前乾旱",0.69775390625,data_01
9,3,semantic,"《報導者》整理了5個問答，試圖說明這場伊朗抗爭，對中東局勢、乃至2026年的全球局勢可能帶來的影響：伊朗人民為何冒著生命危險憤怒上街？面對宿敵的政治動盪，美國、以色列與中東其他國家各有什麼盤算與反應？而在起義與鎮壓對撞的血腥衝突中，伊朗又是否真已跨在政權更迭、甚至是王朝復辟的門檻上？

Q1：伊朗發生了什麼事，為什麼人民寧可冒著生命危險也要上街抗議？
A：在示威浪潮席捲全國之前，伊朗正面臨著數十年來最嚴重的經濟危機，除了官方貨幣里亞爾（Rial）急遽貶值至歷史最低點，伊朗2025年國內通膨率更超過40%，糧食與日用品等民生物價在短短半年內上漲逾60%，其中牛奶、雞蛋與麵包等基本食物的價格，更是飆漲了1倍以上。極為沉重的蕭條壓力，這才逼使走投無路的伊朗人民湧上街頭。
一開始，示威行動只是零星出現，但隨著通膨問題的快速惡化，以都市商人為主的市場商販公會，也從2025年12月開始加入罷工罷市的抗爭行列──此舉，大幅升級並凝聚了伊朗國內對於政府施政不力的憤怒情緒，示威行動亦從首都德黑蘭，迅速蔓延至全國各級城市。",0.65771484375,data_01
10,4,fixed,"Q3：抗爭中的「巴勒維王朝復辟」口號，是否動搖伊朗政府的統治？
2026年1月12日，在倫敦市中心的伊朗大使館外，示威者正在焚燒伊朗最高領袖哈米尼（Ayatollah Ali Khamenei）的照片，同時高舉前伊朗國王之子芮沙．巴勒維（Reza Pahlavi）的照片。（攝影／Henry Nicholls／AFP）
A：伊朗政府的統治基礎確實被空前動搖，但至今並沒有立即垮台的跡象。

截至1月14日為止，2026年的伊朗反政府示威雖然已明顯重創德黑蘭當局的統治威信，但各地抗爭行動尚不足以直接威脅政權存續，政府權力核心圈也未就鎮壓決策浮現公開的政治分歧",0.6962890625,data_01
11,4,sliding,"。
Q3：抗爭中的「巴勒維王朝復辟」口號，是否動搖伊朗政府的統治？
2026年1月12日，在倫敦市中心的伊朗大使館外，示威者正在焚燒伊朗最高領袖哈米尼（Ayatollah Ali Khamenei）的照片，同時高舉前伊朗國王之子芮沙．巴勒維（Reza Pahlavi）的照片。（攝影／Henry Nicholls／AFP）
A：伊朗政府的統治基礎確實被空前動搖，但至今並沒有立即垮台的跡象。

截至1月14日為止，2026年的伊朗反政府示威雖然已明顯重創德黑蘭當局的統治威信，但各地抗爭行動尚不足以直接威脅政權存續，政府權力核心圈也未就鎮壓決策浮現公開的政治分歧",0.68505859375,data_01
12,4,semantic,"但綜合「伊朗人權組織」（IHRNGO）與「伊朗人權活動家通訊社」（HRANA）等流亡NGO的多方紀錄，截至1月13日為止，在已證實身分的死亡通報中，約140多名死者屬於參與鎮壓的安全部隊──這樣傷亡規模與速度，不但是過往鎮壓的1倍以上，也顯示這波全國衝突的暴力程度、乃至示威者拒絕被鎮壓的反擊決心，遠超過伊朗政府原本的預期。
Q3：抗爭中的「巴勒維王朝復辟」口號，是否動搖伊朗政府的統治？
2026年1月12日，在倫敦市中心的伊朗大使館外，示威者正在焚燒伊朗最高領袖哈米尼（Ayatollah Ali Khamenei）的照片，同時高舉前伊朗國王之子芮沙．巴勒維（Reza Pahlavi）的照片。（攝影／Henry Nicholls／AFP）
A：伊朗政府的統治基礎確實被空前動搖，但至今並沒有立即垮台的跡象。",0.677734375,data_01
13,5,fixed,"現年26歲、就讀台灣師範大學東亞學系碩士班的溫約瑟，22歲時靠著善用這些公開資訊製作出「解放軍基地與設施地圖」一夕爆紅，他所使用的衛星遙測影像就包括Google Earth、歐盟哥白尼（Copernicus）的哨兵（Sentinel）衛星、微軟Bing Maps與Apple Maps等，加上查證所完成──這樣的技術稱為公開來源情報（Open Source Intelligence, OSINT），美國國家情報總監（Director of National Intelligence, DNI）定義為「專門從公開或商業可用資訊中獲取的情報，目的在解決特定的情報事項或要求」",0.70703125,data_05
14,5,sliding,"。現年26歲、就讀台灣師範大學東亞學系碩士班的溫約瑟，22歲時靠著善用這些公開資訊製作出「解放軍基地與設施地圖」一夕爆紅，他所使用的衛星遙測影像就包括Google Earth、歐盟哥白尼（Copernicus）的哨兵（Sentinel）衛星、微軟Bing Maps與Apple Maps等，加上查證所完成──這樣的技術稱為公開來源情報（Open Source Intelligence, OSINT），美國國家情報總監（Director of National Intelligence, DNI）定義為「專門從公開或商業可用資訊中獲取的情報，目的在解決特定的情報事項或要求」",0.70703125,data_05
15,5,semantic,"精細影像堆疊，OSINT可解析軍事動作與戰術
最被大眾熟知與常被使用的遙測影像是Google Earth，彙整多家遙測影像的虛擬地球，便於使用者操作，遙測影像藉由資訊科技的進步，變成人人可及的資訊。現年26歲、就讀台灣師範大學東亞學系碩士班的溫約瑟，22歲時靠著善用這些公開資訊製作出「解放軍基地與設施地圖」一夕爆紅，他所使用的衛星遙測影像就包括Google Earth、歐盟哥白尼（Copernicus）的哨兵（Sentinel）衛星、微軟Bing Maps與Apple Maps等，加上查證所完成──這樣的技術稱為公開來源情報（Open Source Intelligence, OSINT），美國國家情報總監（Director of National Intelligence, DNI）定義為「專門從公開或商業可用資訊中獲取的情報，目的在解決特定的情報事項或要求」。
針對遙測衛星在軍事情報上的用途，溫約瑟接受《報導者》採訪時指出，公開且免費取得的影像都會受到限制，沒有辦法即時取得，只能當作背景來使用，「像是從央視看到解放軍新聞，逐格去解構畫面上的車輛編號，以及演習場域的地形地貌，但必須再搭配遙測影像建構的3D圖，以及過往建立的資料庫，比對確切的演習地點，才能再自製出解放軍基地與設施地圖。」",0.68896484375,data_05
16,6,fixed,"林穎佑進一步解釋，「當我國想要關注東風15或16的部署時，會與美國首要關注長程飛彈截然不同，優先順序怎麼安排？美國衛星當然會以他們自己的需求為主，這就是現實。如果台灣能擁有遙測衛星影像，那與美國進行情報交換就能做到互補效果，」他指出，「我們的優勢是在第一島鏈，距離解放軍很近，取得的資訊也跟美國很不一樣，應該是要互補而不是競爭；他幫我們看照其他部分，我們提供他們近海的研析資訊。」
對於國安，吳宗信更是罕見願意多談，他舉例：「更精細的遙測衛星可以拍到油槽上方陰影，而陰影的深淺可以利用三維分析出油槽是滿油還是空槽，長期關注下，在敵方戰備時就能預先研判",0.6103515625,data_05
17,6,sliding,"。」
對於國安，吳宗信更是罕見願意多談，他舉例：「更精細的遙測衛星可以拍到油槽上方陰影，而陰影的深淺可以利用三維分析出油槽是滿油還是空槽，長期關注下，在敵方戰備時就能預先研判。」在國防安全上，遙測衛星可以做的情蒐工作還有很多。

下一步：國安單位衛星影像的理解能力亟需「升級」
除了國家太空中心之外，早在1993年成立的中央大學太空遙測中心（CSRSR）也會接受衛星影像，目前可以接受除了自主的「福衛五號」之外，還能還可接收法國SPOT-6/7、及Pléiades 1A/1B的光學遙測影像",0.71142578125,data_05
18,6,semantic,"溫約瑟解釋，相較之下，國家或情報單位能直接取得國家遙測影像，再利用OSINT工作者所整理的車輛與地形地貌資訊，回溯時間檢視是否有拍攝到相關影像，如果有拍到也可以記錄演習場上的車輛、車種等資訊，甚至可以提前準備拍攝想取得的軍事設施地點清晰影像，「能做的事情就更多了！」

長期研究中國軍事的淡江大學國際事務與戰略研究所副教授林穎佑，則是以廣東潮州旁的福建「大埕灣」與「東山島」為例，國防部早已對外公布過這個地點是中國兩棲登陸重要演訓地點，從溫約瑟所製作的地圖中可見，使用公開免費圖資就拍到正在進行的兩棲演訓，兩棲登陸車輛後面激起的白色浪花都看得到，「解析度不足情況下都可以看到，更何況是我國自製的衛星，肯定能做到拍到更仔細的影像。」

林穎佑進一步說明，「福衛八號」陸續發射後自主遙測衛星可組成星系，每天可以經過台灣周邊3次，在白天可以拍照的時間裡面，幾小時就通過一次，只要長期固定拍攝，就能累積足夠的研析資料，提供給軍方情蒐人員，或是軍方人員主動與太空中心合作；未來如果技術更加精進，根據報載國科會主委吳誠文說到希望從現有解析度1公尺挑戰0.7公尺、甚至0.5公尺邁進，能做的分析可以更精細，例如從兩棲登陸車後方激起的白色浪花，可以判斷速度有多快，甚至針對整個演訓的編隊組成研判使用的戰術。林穎佑強調，雖然只是一張照片，但想像如果將同一個地點的照片，依據時間先後次序堆疊，這地方白天的一舉一動都可以一目了然，而且是細緻的研析軍事動作與戰術戰法。
2031年台灣將完成自主遙測衛星星系布建
「福衛八號」是台灣第一個自製的衛星星系，計畫總共要研發6顆原始解析度1公尺的光學遙測衛星，以及2顆原始解析度小於1公尺的超高解析度光學遙測衛星，2025年11月發射第一顆後，預計每年發射至少一顆，至2031年完成6顆衛星的星系布建。解析度方面，前2顆是解析度1公尺，後面4顆將朝0.7公尺努力，2顆超高解析度則是朝0.5公尺挑戰。",0.560546875,data_05
19,7,fixed,"更何況，以革命衛隊為核心的伊朗統治菁英，長期以來也將部分資產轉移至卡達、阿拉伯聯合大公國等海灣鄰國，以規避國際制裁；在這樣的背景下，維持私下的合作默契，讓伊朗持續處於「局勢穩定、但仍遭國際制裁孤立」的現狀，也被普遍認為最符合周邊海灣國家的整體利益。

美國與海灣盟邦對伊朗投鼠忌器的躊躇態度，也反映出華府在中東戰略的另一歷史矛盾：伊拉克的教訓。在1991年第一次波灣戰爭之後，伊拉克庫德族以及伊拉克南方的什葉派穆斯林曾爆發武裝起義、挺身反抗獨裁者海珊（Saddam Hussein）的統治，但其行動卻沒有得到美軍與國際社會的支援，因此很快就遭伊拉克軍隊殘酷鎮壓、甚至報復性的集體屠殺",0.611328125,data_01
20,7,sliding,"。

除了石油市場的穩定，海灣國家同樣憂心伊朗政局一旦崩潰，將連帶衝擊外資對整個海灣地區的投資信心。更何況，以革命衛隊為核心的伊朗統治菁英，長期以來也將部分資產轉移至卡達、阿拉伯聯合大公國等海灣鄰國，以規避國際制裁；在這樣的背景下，維持私下的合作默契，讓伊朗持續處於「局勢穩定、但仍遭國際制裁孤立」的現狀，也被普遍認為最符合周邊海灣國家的整體利益。

美國與海灣盟邦對伊朗投鼠忌器的躊躇態度，也反映出華府在中東戰略的另一歷史矛盾：伊拉克的教訓",0.6669921875,data_01
21,7,semantic,"此外，美國的中東盟邦──包括沙烏地阿拉伯、阿拉伯聯合大公國（UAE）、科威特、卡達、阿曼與巴林等與伊朗相鄰的海灣石油國家，也都極力勸阻川普攻擊伊朗。

這些石油國家普遍認為，儘管自1979年推翻巴勒維王朝以來，伊朗伊斯蘭共和國持續進行的「革命輸出」，一直是海灣阿拉伯王室體制所面臨的最大威脅之一，但伊朗畢竟是一個擁有9,100萬人口的區域性大國，距離阿拉伯半島也只有百餘公里的海峽之隔；一旦其內部局勢失控，不僅可能引發大規模難民危機，甚至還可能重新點燃中東地區的新一波教派衝突，海灣地區的石油與天然氣出口、特別是掌握全球每日約20%石油運輸量的荷姆茲海峽（Strait of Hormuz），也可能因戰亂而遭癱瘓。",0.765625,data_01
22,8,fixed,"二戰後全球發動逾2千次核試驗 誰是蕈狀雲下的犧牲者？
二戰結束後，至少有8國執行超過2千次核試驗，地點大多選在偏遠地帶或離島。這些核試驗場周遭的居民，至今仍因暴露在輻射下導致疾病，或被迫離開家園，刻下無法抹滅的傷痕。如今美國總統川普一度宣布重啟核試，世界局勢愈發緊張，又是誰將承擔輻射的代價？
爆炸發生幾小時後，人們就抓破自己的皮膚，母親們眼睜睜地看著孩子們的頭髮都掉在地上，水泡在一夜之間吞噬了他們的身體。

基爾瑪——馬紹爾群島核委會主席
80年前，美國向日本廣島和長崎投下2顆原子彈結束二次世界大戰，當下造成約11萬人喪生，卻也開啟核子時代",0.67138671875,data_04
23,8,sliding,"二戰後全球發動逾2千次核試驗 誰是蕈狀雲下的犧牲者？
二戰結束後，至少有8國執行超過2千次核試驗，地點大多選在偏遠地帶或離島。這些核試驗場周遭的居民，至今仍因暴露在輻射下導致疾病，或被迫離開家園，刻下無法抹滅的傷痕。如今美國總統川普一度宣布重啟核試，世界局勢愈發緊張，又是誰將承擔輻射的代價？
爆炸發生幾小時後，人們就抓破自己的皮膚，母親們眼睜睜地看著孩子們的頭髮都掉在地上，水泡在一夜之間吞噬了他們的身體",0.67138671875,data_04
24,8,semantic,"二戰後全球發動逾2千次核試驗 誰是蕈狀雲下的犧牲者？
二戰結束後，至少有8國執行超過2千次核試驗，地點大多選在偏遠地帶或離島。這些核試驗場周遭的居民，至今仍因暴露在輻射下導致疾病，或被迫離開家園，刻下無法抹滅的傷痕。如今美國總統川普一度宣布重啟核試，世界局勢愈發緊張，又是誰將承擔輻射的代價？
爆炸發生幾小時後，人們就抓破自己的皮膚，母親們眼睜睜地看著孩子們的頭髮都掉在地上，水泡在一夜之間吞噬了他們的身體。

基爾瑪——馬紹爾群島核委會主席
80年前，美國向日本廣島和長崎投下2顆原子彈結束二次世界大戰，當下造成約11萬人喪生，卻也開啟核子時代。各國進入冷戰時期後力拚軍備競賽，包含美國、蘇聯、英國、法國及中國等國，都爭相研製威力更大的核武。

根據美國軍備控制協會統計，自1945年以來，至少有8國在數十處試驗場執行共2056次核試爆，其中520次是早期直接在大氣中引爆，導致放射性物質在大氣層擴散；也有少數在水下進行，已知8次；此外還有1528次在地下引爆，在土壤中留下污染。",0.7001953125,data_04
25,9,fixed,"Made with Flourish • Create a photo slider
當Taiwan Can Help走向太空
除了自家國土監測外，衛星資料也幫助台灣在跨國合作中扮演關鍵角色。我國自2010年加入由日本主導的「守望亞洲（Sentinel Asia）」國際志願計畫，此計畫的目的是希望結合擁有衛星資源與分析量能的單位，當亞太地區發生災害事件時，可以調度衛星進行救災與協作。

舉例來說，2023年菲律賓民都洛近海油輪「MT Princess Empress」沉沒造成大規模漏油汙染，衝擊當地海洋生態",0.79541015625,data_02
26,9,sliding,"。我國自2010年加入由日本主導的「守望亞洲（Sentinel Asia）」國際志願計畫，此計畫的目的是希望結合擁有衛星資源與分析量能的單位，當亞太地區發生災害事件時，可以調度衛星進行救災與協作。

舉例來說，2023年菲律賓民都洛近海油輪「MT Princess Empress」沉沒造成大規模漏油汙染，衝擊當地海洋生態",0.7705078125,data_02
27,9,semantic,"Made with Flourish • Create a photo slider
當Taiwan Can Help走向太空
除了自家國土監測外，衛星資料也幫助台灣在跨國合作中扮演關鍵角色。我國自2010年加入由日本主導的「守望亞洲（Sentinel Asia）」國際志願計畫，此計畫的目的是希望結合擁有衛星資源與分析量能的單位，當亞太地區發生災害事件時，可以調度衛星進行救災與協作。

舉例來說，2023年菲律賓民都洛近海油輪「MT Princess Empress」沉沒造成大規模漏油汙染，衝擊當地海洋生態。台灣調度「福衛五號」協助產出連續油汙範圍判釋圖，支援汙染擴散追蹤與岸線清理決策；2024年日本石川縣能登半島發生規模7.6的地震，後續引發海嘯，太空中心亦協助進行視覺化與數值化分析，觀察海岸、山區土石變化，以及房屋倒塌狀況，估算出實際災害面積。",0.8017578125,data_02
28,10,fixed,"消失的住院醫師
健保兆元時代，擋得住「直美」風潮與急重難科持續失血嗎？
醫院急重症人力崩塌持續擴大，20年前的內外婦兒「四大皆空」、10年前變成內外婦兒急「五大皆空」，到了今年（2025），甚至因為神經內科24小時取栓的過勞、也引發出走潮，再累加至內外婦兒急神經「六大皆空」。
《報導者》2024年年底推出《誰掏空了醫院人力》專題，以數據資料解析30年最大一波的護理人力出走潮，離開的護理師去哪裡？哪些醫院最留不住人？同時揭露，自費診所3年開了300家，成為急重症科人力巨大的磁石",0.474853515625,data_03
29,10,sliding,"消失的住院醫師
健保兆元時代，擋得住「直美」風潮與急重難科持續失血嗎？
醫院急重症人力崩塌持續擴大，20年前的內外婦兒「四大皆空」、10年前變成內外婦兒急「五大皆空」，到了今年（2025），甚至因為神經內科24小時取栓的過勞、也引發出走潮，再累加至內外婦兒急神經「六大皆空」。
《報導者》2024年年底推出《誰掏空了醫院人力》專題，以數據資料解析30年最大一波的護理人力出走潮，離開的護理師去哪裡？哪些醫院最留不住人？同時揭露，自費診所3年開了300家，成為急重症科人力巨大的磁石",0.474853515625,data_03
30,10,semantic,"消失的住院醫師
健保兆元時代，擋得住「直美」風潮與急重難科持續失血嗎？
醫院急重症人力崩塌持續擴大，20年前的內外婦兒「四大皆空」、10年前變成內外婦兒急「五大皆空」，到了今年（2025），甚至因為神經內科24小時取栓的過勞、也引發出走潮，再累加至內外婦兒急神經「六大皆空」。
《報導者》2024年年底推出《誰掏空了醫院人力》專題，以數據資料解析30年最大一波的護理人力出走潮，離開的護理師去哪裡？哪些醫院最留不住人？同時揭露，自費診所3年開了300家，成為急重症科人力巨大的磁石。",0.479248046875,data_03
31,11,fixed,"按照伊朗政府過往的行動節奏，其武力鎮壓國內抗爭的流程，通常是先行切斷通訊，接著由革命衛隊出動武裝民兵「巴斯基」（Basij）在大城市暴力清場、製造民間恐懼，並全力阻止示威者在城市中形成抗爭占領區；同時，政府安全部隊也會封鎖連結城鄉的重要幹道，並在資訊更為封閉的城郊與鄉村地區發動「殺雞儆猴」式的清鄉行動。直到確認鎮壓行動已占上風後，政府才會動員支持團體發起「挺政府」團結遊行，逐步恢復網路通訊，並公開經官媒處理過的鎮壓資訊，藉此昭告全國：政府已重新控制局勢。

然而，在清場期間，伊朗國內的死傷數字與衝突規模，往往會遭到官方刻意低報，許多受難者的遺體甚至被軍警扣留不放",0.806640625,data_01
32,11,sliding,"。但與當年相比，這一回伊朗政府不僅切斷了伊朗與全球網際網路的連線，國內的手機行動通訊，甚至包括Starlink等不受伊朗政府許可與管轄的低軌衛星通訊系統，也都同步遭到封鎖。

按照伊朗政府過往的行動節奏，其武力鎮壓國內抗爭的流程，通常是先行切斷通訊，接著由革命衛隊出動武裝民兵「巴斯基」（Basij）在大城市暴力清場、製造民間恐懼，並全力阻止示威者在城市中形成抗爭占領區；同時，政府安全部隊也會封鎖連結城鄉的重要幹道，並在資訊更為封閉的城郊與鄉村地區發動「殺雞儆猴」式的清鄉行動",0.8603515625,data_01
33,11,semantic,"根據一段2026年1月9日至11日間拍攝的影片截圖，伊朗首都德黑蘭郊區卡里札克（Kahrizak）的示威活動遭到鎮壓後，民眾在法醫中心外尋找罹難親友的遺體。（攝影／UGC via AP／達志影像）
根據一段2026年1月9日至11日間拍攝的影片截圖，伊朗首都德黑蘭郊區卡里札克（Kahrizak）的示威活動遭到鎮壓後，民眾在法醫中心外尋找罹難親友的遺體。（攝影／UGC via AP／達志影像）
伊朗政府為了阻斷示威者彼此串聯而切斷全國網路與行動通訊，其封鎖強度更是前所未有。事實上，早在2019年11月的伊朗反油價調漲抗爭期間，伊朗政府就曾實施過「全國斷網」。但與當年相比，這一回伊朗政府不僅切斷了伊朗與全球網際網路的連線，國內的手機行動通訊，甚至包括Starlink等不受伊朗政府許可與管轄的低軌衛星通訊系統，也都同步遭到封鎖。",0.8291015625,data_01
34,12,fixed,"「福衛九號」將採用「全天候高解析度微波遙測技術」，這樣的技術具備穿透雲層的能力，即使在夜晚或厚雲覆蓋下仍能清晰成像，「福衛九號」將與「福衛八號」的光學遙測衛星互補，構建更完整的對地觀測系統，預計於2027年、2029年發射。

從「福衛五號」、「福衛八號」到即將問世的「福衛九號」，台灣正在嘗試在太空中打造自己的視野。當太空產業自主、資料可控，台灣才能在關鍵時刻不仰賴他人，用自己的眼睛，守護自己的天空",0.80322265625,data_02
35,12,sliding,"。這些酬載主要由成功大學團隊設計，透過衛星平台進行太空驗證，提供大氣電學與物理研究的第一手資料。

國家太空中心更已著手進行「福衛九號」計畫。「福衛九號」將採用「全天候高解析度微波遙測技術」，這樣的技術具備穿透雲層的能力，即使在夜晚或厚雲覆蓋下仍能清晰成像，「福衛九號」將與「福衛八號」的光學遙測衛星互補，構建更完整的對地觀測系統，預計於2027年、2029年發射。

從「福衛五號」、「福衛八號」到即將問世的「福衛九號」，台灣正在嘗試在太空中打造自己的視野",0.76708984375,data_02
36,12,semantic,"溫約瑟解釋，相較之下，國家或情報單位能直接取得國家遙測影像，再利用OSINT工作者所整理的車輛與地形地貌資訊，回溯時間檢視是否有拍攝到相關影像，如果有拍到也可以記錄演習場上的車輛、車種等資訊，甚至可以提前準備拍攝想取得的軍事設施地點清晰影像，「能做的事情就更多了！」

長期研究中國軍事的淡江大學國際事務與戰略研究所副教授林穎佑，則是以廣東潮州旁的福建「大埕灣」與「東山島」為例，國防部早已對外公布過這個地點是中國兩棲登陸重要演訓地點，從溫約瑟所製作的地圖中可見，使用公開免費圖資就拍到正在進行的兩棲演訓，兩棲登陸車輛後面激起的白色浪花都看得到，「解析度不足情況下都可以看到，更何況是我國自製的衛星，肯定能做到拍到更仔細的影像。」

林穎佑進一步說明，「福衛八號」陸續發射後自主遙測衛星可組成星系，每天可以經過台灣周邊3次，在白天可以拍照的時間裡面，幾小時就通過一次，只要長期固定拍攝，就能累積足夠的研析資料，提供給軍方情蒐人員，或是軍方人員主動與太空中心合作；未來如果技術更加精進，根據報載國科會主委吳誠文說到希望從現有解析度1公尺挑戰0.7公尺、甚至0.5公尺邁進，能做的分析可以更精細，例如從兩棲登陸車後方激起的白色浪花，可以判斷速度有多快，甚至針對整個演訓的編隊組成研判使用的戰術。林穎佑強調，雖然只是一張照片，但想像如果將同一個地點的照片，依據時間先後次序堆疊，這地方白天的一舉一動都可以一目了然，而且是細緻的研析軍事動作與戰術戰法。
2031年台灣將完成自主遙測衛星星系布建
「福衛八號」是台灣第一個自製的衛星星系，計畫總共要研發6顆原始解析度1公尺的光學遙測衛星，以及2顆原始解析度小於1公尺的超高解析度光學遙測衛星，2025年11月發射第一顆後，預計每年發射至少一顆，至2031年完成6顆衛星的星系布建。解析度方面，前2顆是解析度1公尺，後面4顆將朝0.7公尺努力，2顆超高解析度則是朝0.5公尺挑戰。",0.57275390625,data_05
37,13,fixed,"美國當時將居住於核試驗場附近的馬紹爾居民遷至美國本土，即使在1970及1980年代曾試圖讓他們返回，但由於部分島嶼仍有輻射污染，有些人至今未能重返家園。

美國當初花費1.05億美元（逾台幣30億元），將超過7.3萬立方公尺的放射性碎片，倒進馬紹爾群島核爆形成的彈坑中，並用巨大的混凝土穹頂覆蓋，被稱為「魯尼特圓頂」。

美國官方在1980年拍攝的魯尼特圓頂。（圖／法新社資料照）

然而，如今穹頂已出現結構弱化跡象，在海平面上升的壓力下可能產生裂縫。美國政府現在主張，建造此坑洞只是為了儲放核廢料，而非保護周遭環境免受污染",0.6767578125,data_04
38,13,sliding,"。

美國當初花費1.05億美元（逾台幣30億元），將超過7.3萬立方公尺的放射性碎片，倒進馬紹爾群島核爆形成的彈坑中，並用巨大的混凝土穹頂覆蓋，被稱為「魯尼特圓頂」。

美國官方在1980年拍攝的魯尼特圓頂。（圖／法新社資料照）

然而，如今穹頂已出現結構弱化跡象，在海平面上升的壓力下可能產生裂縫。美國政府現在主張，建造此坑洞只是為了儲放核廢料，而非保護周遭環境免受污染",0.7333984375,data_04
39,13,semantic,"美國當初花費1.05億美元（逾台幣30億元），將超過7.3萬立方公尺的放射性碎片，倒進馬紹爾群島核爆形成的彈坑中，並用巨大的混凝土穹頂覆蓋，被稱為「魯尼特圓頂」。

美國官方在1980年拍攝的魯尼特圓頂。（圖／法新社資料照）

然而，如今穹頂已出現結構弱化跡象，在海平面上升的壓力下可能產生裂縫。美國政府現在主張，建造此坑洞只是為了儲放核廢料，而非保護周遭環境免受污染。",0.72998046875,data_04
40,14,fixed,"「福衛九號」計畫啟動：全天候觀測，追求關鍵畫面不漏接
「福衛八號」預計於2031年前完成星系布建，現已規劃陸續接替「福衛五號」的遙測任務。「福衛八號」最大的特色在於它是台灣第一個以建構自主產業鏈為核心目標打造的衛星星系，從結構材料、推進次系統到光學鏡頭，整體系統84%的關鍵元件、57項核心技術由國內研製完成，幾乎涵蓋了整個衛星製造流程，展示台灣目標打入國際太空產業的決心。

除了持續為台灣進行國土監測與災害應變外，「福衛八號」也將展現在國家安全、科學研究等面向發揮更完整的功能",0.7373046875,data_02
41,14,sliding,"。「福衛八號」最大的特色在於它是台灣第一個以建構自主產業鏈為核心目標打造的衛星星系，從結構材料、推進次系統到光學鏡頭，整體系統84%的關鍵元件、57項核心技術由國內研製完成，幾乎涵蓋了整個衛星製造流程，展示台灣目標打入國際太空產業的決心。

除了持續為台灣進行國土監測與災害應變外，「福衛八號」也將展現在國家安全、科學研究等面向發揮更完整的功能",0.90234375,data_02
42,14,semantic,"溫約瑟解釋，相較之下，國家或情報單位能直接取得國家遙測影像，再利用OSINT工作者所整理的車輛與地形地貌資訊，回溯時間檢視是否有拍攝到相關影像，如果有拍到也可以記錄演習場上的車輛、車種等資訊，甚至可以提前準備拍攝想取得的軍事設施地點清晰影像，「能做的事情就更多了！」

長期研究中國軍事的淡江大學國際事務與戰略研究所副教授林穎佑，則是以廣東潮州旁的福建「大埕灣」與「東山島」為例，國防部早已對外公布過這個地點是中國兩棲登陸重要演訓地點，從溫約瑟所製作的地圖中可見，使用公開免費圖資就拍到正在進行的兩棲演訓，兩棲登陸車輛後面激起的白色浪花都看得到，「解析度不足情況下都可以看到，更何況是我國自製的衛星，肯定能做到拍到更仔細的影像。」

林穎佑進一步說明，「福衛八號」陸續發射後自主遙測衛星可組成星系，每天可以經過台灣周邊3次，在白天可以拍照的時間裡面，幾小時就通過一次，只要長期固定拍攝，就能累積足夠的研析資料，提供給軍方情蒐人員，或是軍方人員主動與太空中心合作；未來如果技術更加精進，根據報載國科會主委吳誠文說到希望從現有解析度1公尺挑戰0.7公尺、甚至0.5公尺邁進，能做的分析可以更精細，例如從兩棲登陸車後方激起的白色浪花，可以判斷速度有多快，甚至針對整個演訓的編隊組成研判使用的戰術。林穎佑強調，雖然只是一張照片，但想像如果將同一個地點的照片，依據時間先後次序堆疊，這地方白天的一舉一動都可以一目了然，而且是細緻的研析軍事動作與戰術戰法。
2031年台灣將完成自主遙測衛星星系布建
「福衛八號」是台灣第一個自製的衛星星系，計畫總共要研發6顆原始解析度1公尺的光學遙測衛星，以及2顆原始解析度小於1公尺的超高解析度光學遙測衛星，2025年11月發射第一顆後，預計每年發射至少一顆，至2031年完成6顆衛星的星系布建。解析度方面，前2顆是解析度1公尺，後面4顆將朝0.7公尺努力，2顆超高解析度則是朝0.5公尺挑戰。",0.5537109375,data_05
43,15,fixed,"消失的住院醫師
健保兆元時代，擋得住「直美」風潮與急重難科持續失血嗎？
醫院急重症人力崩塌持續擴大，20年前的內外婦兒「四大皆空」、10年前變成內外婦兒急「五大皆空」，到了今年（2025），甚至因為神經內科24小時取栓的過勞、也引發出走潮，再累加至內外婦兒急神經「六大皆空」。
《報導者》2024年年底推出《誰掏空了醫院人力》專題，以數據資料解析30年最大一波的護理人力出走潮，離開的護理師去哪裡？哪些醫院最留不住人？同時揭露，自費診所3年開了300家，成為急重症科人力巨大的磁石",0.6728515625,data_03
44,15,sliding,"消失的住院醫師
健保兆元時代，擋得住「直美」風潮與急重難科持續失血嗎？
醫院急重症人力崩塌持續擴大，20年前的內外婦兒「四大皆空」、10年前變成內外婦兒急「五大皆空」，到了今年（2025），甚至因為神經內科24小時取栓的過勞、也引發出走潮，再累加至內外婦兒急神經「六大皆空」。
《報導者》2024年年底推出《誰掏空了醫院人力》專題，以數據資料解析30年最大一波的護理人力出走潮，離開的護理師去哪裡？哪些醫院最留不住人？同時揭露，自費診所3年開了300家，成為急重症科人力巨大的磁石",0.6728515625,data_03
45,15,semantic,"消失的住院醫師
健保兆元時代，擋得住「直美」風潮與急重難科持續失血嗎？
醫院急重症人力崩塌持續擴大，20年前的內外婦兒「四大皆空」、10年前變成內外婦兒急「五大皆空」，到了今年（2025），甚至因為神經內科24小時取栓的過勞、也引發出走潮，再累加至內外婦兒急神經「六大皆空」。
《報導者》2024年年底推出《誰掏空了醫院人力》專題，以數據資料解析30年最大一波的護理人力出走潮，離開的護理師去哪裡？哪些醫院最留不住人？同時揭露，自費診所3年開了300家，成為急重症科人力巨大的磁石。",0.66455078125,data_03
46,16,fixed,"」

但也有聲音質疑，既然衛星發射都仰賴馬斯克（Elon Musk）旗下美國太空探索科技公司（SpaceX）的火箭，為什麼不連同遙測影像都跟美國購買就好？況且美國衛星技術也比台灣自主研發的更先進？吳宗信說明，每一顆衛星每天要做什麼事都需要排程，從地面下指令讓遙測衛星來執行，當經過的地點有很多事情要做的時候，就得依照優先順序，若只依靠跟美國購買遙測影像，「台灣要情蒐的影像有比美國（自己的）重要嗎？」吳宗信指出：「我們願意多花多少錢將排序往前挪？愈精細的影像要價愈貴，甚至關乎國家安全的重要事項，通常都是各國自製衛星的第一要務，購買方即使出再多錢都不見得能擠進去",0.7529296875,data_05
47,16,sliding,但也有聲音質疑，既然衛星發射都仰賴馬斯克（Elon Musk）旗下美國太空探索科技公司（SpaceX）的火箭，為什麼不連同遙測影像都跟美國購買就好？況且美國衛星技術也比台灣自主研發的更先進？吳宗信說明，每一顆衛星每天要做什麼事都需要排程，從地面下指令讓遙測衛星來執行，當經過的地點有很多事情要做的時候，就得依照優先順序，若只依靠跟美國購買遙測影像，「台灣要情蒐的影像有比美國（自己的）重要嗎？」吳宗信指出：「我們願意多花多少錢將排序往前挪？愈精細的影像要價愈貴，甚至關乎國家安全的重要事項，通常都是各國自製衛星的第一要務，購買方即使出再多錢都不見得能擠進去,0.75439453125,data_05
48,16,semantic,"溫約瑟解釋，相較之下，國家或情報單位能直接取得國家遙測影像，再利用OSINT工作者所整理的車輛與地形地貌資訊，回溯時間檢視是否有拍攝到相關影像，如果有拍到也可以記錄演習場上的車輛、車種等資訊，甚至可以提前準備拍攝想取得的軍事設施地點清晰影像，「能做的事情就更多了！」

長期研究中國軍事的淡江大學國際事務與戰略研究所副教授林穎佑，則是以廣東潮州旁的福建「大埕灣」與「東山島」為例，國防部早已對外公布過這個地點是中國兩棲登陸重要演訓地點，從溫約瑟所製作的地圖中可見，使用公開免費圖資就拍到正在進行的兩棲演訓，兩棲登陸車輛後面激起的白色浪花都看得到，「解析度不足情況下都可以看到，更何況是我國自製的衛星，肯定能做到拍到更仔細的影像。」

林穎佑進一步說明，「福衛八號」陸續發射後自主遙測衛星可組成星系，每天可以經過台灣周邊3次，在白天可以拍照的時間裡面，幾小時就通過一次，只要長期固定拍攝，就能累積足夠的研析資料，提供給軍方情蒐人員，或是軍方人員主動與太空中心合作；未來如果技術更加精進，根據報載國科會主委吳誠文說到希望從現有解析度1公尺挑戰0.7公尺、甚至0.5公尺邁進，能做的分析可以更精細，例如從兩棲登陸車後方激起的白色浪花，可以判斷速度有多快，甚至針對整個演訓的編隊組成研判使用的戰術。林穎佑強調，雖然只是一張照片，但想像如果將同一個地點的照片，依據時間先後次序堆疊，這地方白天的一舉一動都可以一目了然，而且是細緻的研析軍事動作與戰術戰法。
2031年台灣將完成自主遙測衛星星系布建
「福衛八號」是台灣第一個自製的衛星星系，計畫總共要研發6顆原始解析度1公尺的光學遙測衛星，以及2顆原始解析度小於1公尺的超高解析度光學遙測衛星，2025年11月發射第一顆後，預計每年發射至少一顆，至2031年完成6顆衛星的星系布建。解析度方面，前2顆是解析度1公尺，後面4顆將朝0.7公尺努力，2顆超高解析度則是朝0.5公尺挑戰。",0.55224609375,data_05
49,17,fixed,然而，不以專科發展為目標的年輕住院醫師，不進入醫院的選擇是什麼？由日本創造出來的名詞「直美」（Chokubi）、醫學生畢業後直接進入醫美巿場是潮流之一。「直美」規模與影響究竟有多大？在醫療生態系裡，直美醫師的誘因與風險又是什麼？我們有官方的數據以及同樣面臨這股「直美風暴」的日、韓專家跨國採訪，大家思考的防範或改革手段是什麼？我們也找到台灣首代直美醫師，他不設防的真心話，讓大家看見選擇直美醫師的多層意象,0.76953125,data_03
50,17,sliding,"。
然而，不以專科發展為目標的年輕住院醫師，不進入醫院的選擇是什麼？由日本創造出來的名詞「直美」（Chokubi）、醫學生畢業後直接進入醫美巿場是潮流之一。「直美」規模與影響究竟有多大？在醫療生態系裡，直美醫師的誘因與風險又是什麼？我們有官方的數據以及同樣面臨這股「直美風暴」的日、韓專家跨國採訪，大家思考的防範或改革手段是什麼？我們也找到台灣首代直美醫師，他不設防的真心話，讓大家看見選擇直美醫師的多層意象",0.77099609375,data_03
51,17,semantic,然而，不以專科發展為目標的年輕住院醫師，不進入醫院的選擇是什麼？由日本創造出來的名詞「直美」（Chokubi）、醫學生畢業後直接進入醫美巿場是潮流之一。「直美」規模與影響究竟有多大？在醫療生態系裡，直美醫師的誘因與風險又是什麼？我們有官方的數據以及同樣面臨這股「直美風暴」的日、韓專家跨國採訪，大家思考的防範或改革手段是什麼？我們也找到台灣首代直美醫師，他不設防的真心話，讓大家看見選擇直美醫師的多層意象。,0.75927734375,data_03
52,18,fixed,"除了核彈爆炸當下產生的致命性破壞外，大氣層核試驗會使放射性落塵隨氣流擴散至更遙遠的地區，污染表層土壤；即使是在地下進行核試，這些粒子仍會在高壓下進入大氣層。

由於放射性落塵中的核分裂產物半衰期差異大，因此造成長期的輻射殘留。有些核分裂產物半衰期極短，只有幾分之一秒，但少數的半衰期長到可在數年內對人類及環境構成威脅。

例如放射性物質「鍶-90」半衰期達28年，會在生物骨骼中積聚，並導致腫瘤、白血病和其他血液疾病；銫-137的半衰期為30年，可能導致生殖腺輻射暴露與基因損傷；鈽-​​239半衰期則長達2.44萬年，即使只攝取1微克，也會造成骨骼及肺部腫瘤等嚴重危害",0.701171875,data_04
53,18,sliding,"。

例如放射性物質「鍶-90」半衰期達28年，會在生物骨骼中積聚，並導致腫瘤、白血病和其他血液疾病；銫-137的半衰期為30年，可能導致生殖腺輻射暴露與基因損傷；鈽-​​239半衰期則長達2.44萬年，即使只攝取1微克，也會造成骨骼及肺部腫瘤等嚴重危害。

此外，也有學者指出，這些放射性同位素會殘留在土壤及水中，進而入侵動植物體內、在食物鏈累積。德國一項對野豬體內銫污染的研究發現，其中有68%可追溯至全球各地進行的核試驗",0.7900390625,data_04
54,18,semantic,"台灣的太空之眼：「福衛八號」進擊之路

回到地面，我們看到的這些衛星影像，來自國家太空中心一座不眠不休的機房，他們把衛星回傳的一包包數據，解碼、校正、重組成可以被讀懂的地表語言，比如崩塌的山坡、被海水淹沒的村落、油汙蔓延的海岸線。

如今，這套技術不僅讓台灣能夠監測自己的土地，也能讓我們在世界各地發生災害的第一時間，即時提供關鍵資訊，衛星影像正在成為台灣參與國際的新語言。

從太空到地表的連線：衛星傳輸後的影像處理中心解碼、校正
走進國家太空中心的影像處理中心，隔著玻璃窗，我們看見機房裡頭擺放著20多櫃資料處理系統，其中包含3部超級電腦，這些電腦的用途是針對衛星進行任務排程、資料管理、接收，以及成像處理與品質驗證。接下來當「齊柏林衛星」完成拍攝、將資料傳回地面接收站後，影像處理中心人員就會將這些訊號數據解碼、校正與重組，拼貼成一幀幀能夠講述地表故事的照片。

校正流程分為「輻射校正」與「幾何校正」，前者是為了修正大氣或儀器本身帶來的系統性偏差，讓每個像素都能夠反映真實的光強度；後者則是搭配地理影像控制與數值地形模型，校準每一張影像的地理坐標，使其能與地圖、地形精準重疊。當山脈的輪廓開始對齊、河流與建築的位置對焦回現實，影像才能用於防災、救災或是地理研究等實際應用情境。

影像處理中心衛星資料處理組組長張莉雪表示，目前與太空中心合作的客戶有超過9成來自政府部門，「福衛五號」所拍攝的影像多數用於國土監測，包含崩塌地或是農業用地的土地利用監測等。當像是馬太鞍溪堰塞湖潰壩這樣的緊急災害事件發生時，衛星影像也可以比對出地表變化。",0.27392578125,data_02
55,19,fixed,"「新一輪核武威脅時代」將來臨？
瑞典智庫斯德哥爾摩國際和平研究所（SIPRI）發布《2025全球核力量年鑑》指出，截至2025年1月，全球約有1萬2241枚核彈頭，其中9614枚屬可供實際部署的軍事庫存，且約有2100枚已搭載在彈道飛彈上，代表處於高度戰備狀態。

報告也分析，美、俄、英、法、中國、印度、巴基斯坦、北韓及以色列等9個擁核國，都仍計畫擴增核武庫，並退出軍備控制協議，加上美俄之間最後一份協議《新削減戰略武器條約》將於2026年2月到期，代表全球已開啟新一輪核武威脅時代。

如今的核武威脅達到冷戰以來的高峰，世界地緣政治局勢也比以往任何時候更動盪不安",0.697265625,data_04
56,19,sliding,"。

「新一輪核武威脅時代」將來臨？
瑞典智庫斯德哥爾摩國際和平研究所（SIPRI）發布《2025全球核力量年鑑》指出，截至2025年1月，全球約有1萬2241枚核彈頭，其中9614枚屬可供實際部署的軍事庫存，且約有2100枚已搭載在彈道飛彈上，代表處於高度戰備狀態。

報告也分析，美、俄、英、法、中國、印度、巴基斯坦、北韓及以色列等9個擁核國，都仍計畫擴增核武庫，並退出軍備控制協議，加上美俄之間最後一份協議《新削減戰略武器條約》將於2026年2月到期，代表全球已開啟新一輪核武威脅時代",0.669921875,data_04
57,19,semantic,"「新一輪核武威脅時代」將來臨？
瑞典智庫斯德哥爾摩國際和平研究所（SIPRI）發布《2025全球核力量年鑑》指出，截至2025年1月，全球約有1萬2241枚核彈頭，其中9614枚屬可供實際部署的軍事庫存，且約有2100枚已搭載在彈道飛彈上，代表處於高度戰備狀態。

報告也分析，美、俄、英、法、中國、印度、巴基斯坦、北韓及以色列等9個擁核國，都仍計畫擴增核武庫，並退出軍備控制協議，加上美俄之間最後一份協議《新削減戰略武器條約》將於2026年2月到期，代表全球已開啟新一輪核武威脅時代。",0.70068359375,data_04
58,20,fixed,"這些工作長期以來「只能做不能說」，《報導者》這次專訪國家太空中心（TASA）談起這項國安任務，並訪問軍事專家分析，未來「福衛八號」搭配其他商用衛星，能幫台灣的國家安全做什麼？
2025年7月，「福衛八號」正在緊鑼密鼓進行各項測試時，《報導者》獲准進入國家太空中心整測廠房採訪。進入前規定所有人員一律換上無塵衣，更得在空氣浴塵室（air shower）以高速噴氣將衣服物品附著的灰塵、靜電清除乾淨，並把手機等通訊產品都要交出鎖在櫃子統一管制才能踏進廠房──「福衛八號」構造有部分設計屬於機密等級，因此管制與晶圓廠類似，衛星資料處理組更是國家資安A級單位",0.62841796875,data_05
59,20,sliding,台灣發展衛星計畫，主要分成科學酬載、氣象衛星、遙測衛星三大類，其中遙測衛星已從最早的「福爾摩沙衛星二號」（簡稱「福衛二號」），進入還在服役的「福爾摩沙衛星五號」（簡稱「福衛五號」），以及預計在2025年11月29日發射的「福爾摩沙衛星八號」（簡稱「福衛八號」），它們除了守護台灣之外，其實還有一項重要的國安任務──總統賴清德在出席「福衛八號」起運至美國的典禮中也提到「國家安全」──靠著長期累積的取像，能進行更多情報研析，甚至解讀解放軍的各種軍事動作,0.6435546875,data_05
60,20,semantic,"溫約瑟解釋，相較之下，國家或情報單位能直接取得國家遙測影像，再利用OSINT工作者所整理的車輛與地形地貌資訊，回溯時間檢視是否有拍攝到相關影像，如果有拍到也可以記錄演習場上的車輛、車種等資訊，甚至可以提前準備拍攝想取得的軍事設施地點清晰影像，「能做的事情就更多了！」

長期研究中國軍事的淡江大學國際事務與戰略研究所副教授林穎佑，則是以廣東潮州旁的福建「大埕灣」與「東山島」為例，國防部早已對外公布過這個地點是中國兩棲登陸重要演訓地點，從溫約瑟所製作的地圖中可見，使用公開免費圖資就拍到正在進行的兩棲演訓，兩棲登陸車輛後面激起的白色浪花都看得到，「解析度不足情況下都可以看到，更何況是我國自製的衛星，肯定能做到拍到更仔細的影像。」

林穎佑進一步說明，「福衛八號」陸續發射後自主遙測衛星可組成星系，每天可以經過台灣周邊3次，在白天可以拍照的時間裡面，幾小時就通過一次，只要長期固定拍攝，就能累積足夠的研析資料，提供給軍方情蒐人員，或是軍方人員主動與太空中心合作；未來如果技術更加精進，根據報載國科會主委吳誠文說到希望從現有解析度1公尺挑戰0.7公尺、甚至0.5公尺邁進，能做的分析可以更精細，例如從兩棲登陸車後方激起的白色浪花，可以判斷速度有多快，甚至針對整個演訓的編隊組成研判使用的戰術。林穎佑強調，雖然只是一張照片，但想像如果將同一個地點的照片，依據時間先後次序堆疊，這地方白天的一舉一動都可以一目了然，而且是細緻的研析軍事動作與戰術戰法。
2031年台灣將完成自主遙測衛星星系布建
「福衛八號」是台灣第一個自製的衛星星系，計畫總共要研發6顆原始解析度1公尺的光學遙測衛星，以及2顆原始解析度小於1公尺的超高解析度光學遙測衛星，2025年11月發射第一顆後，預計每年發射至少一顆，至2031年完成6顆衛星的星系布建。解析度方面，前2顆是解析度1公尺，後面4顆將朝0.7公尺努力，2顆超高解析度則是朝0.5公尺挑戰。",0.69189453125,data_05
